"check_name","target","schema","engine","type","dimension","description","status","severity","operator","actual_value","expected_value","failed_rows_count","aggregation_type","message","rule","tables_in_query","check_path","check_ref_type","logical_type","is_generated","execution_time_ms"
"employee_id_column_exists_check","demo_employee_payroll.employee_id","demo_employee_payroll","sql","sql","conformity","Column 'employee_id' must exist in 'demo_employee_payroll'","PASSED",,"mustBe","0","0",0,"count","","SELECT COUNT(*) FROM (SELECT ""employee_id"" FROM ""demo_employee_payroll"" LIMIT 0) AS _vowl_column_exists","['demo_employee_payroll']","$.schema[0].properties[0].name","DeclaredColumnExistsCheckReference","string",true,6.141582998679951
"employee_id_logical_type_check","demo_employee_payroll.employee_id","demo_employee_payroll","sql","sql","conformity","Values in 'employee_id' must be valid string","PASSED",,"mustBe","0","0",0,"count","","SELECT COUNT(*) FROM ""demo_employee_payroll"" WHERE NOT ""employee_id"" IS NULL AND TRY_CAST(""employee_id"" AS TEXT) IS NULL","['demo_employee_payroll']","$.schema[0].properties[0].logicalType","LogicalTypeCheckReference","string",true,8.00441599858459
"employee_id_logical_type_options_minLength_check","demo_employee_payroll.employee_id","demo_employee_payroll","sql","sql","conformity","Column 'employee_id' must have minimum length of 7","PASSED",,"mustBe","0","0",0,"count","","SELECT COUNT(*) FROM ""demo_employee_payroll"" WHERE NOT ""employee_id"" IS NULL AND LENGTH(TRY_CAST(""employee_id"" AS TEXT)) < 7","['demo_employee_payroll']","$.schema[0].properties[0].logicalTypeOptions.minLength","LogicalTypeOptionsCheckReference","string",true,26.884207996772602
"employee_id_logical_type_options_maxLength_check","demo_employee_payroll.employee_id","demo_employee_payroll","sql","sql","conformity","Column 'employee_id' must have maximum length of 7","PASSED",,"mustBe","0","0",0,"count","","SELECT COUNT(*) FROM ""demo_employee_payroll"" WHERE NOT ""employee_id"" IS NULL AND LENGTH(TRY_CAST(""employee_id"" AS TEXT)) > 7","['demo_employee_payroll']","$.schema[0].properties[0].logicalTypeOptions.maxLength","LogicalTypeOptionsCheckReference","string",true,26.058458010083996
"employee_id_logical_type_options_pattern_check","demo_employee_payroll.employee_id","demo_employee_payroll","sql","sql","conformity","Column 'employee_id' must match pattern '^e[0-9]{6}$'","PASSED",,"mustBe","0","0",0,"count","","SELECT COUNT(*) FROM ""demo_employee_payroll"" WHERE NOT ""employee_id"" IS NULL AND NOT REGEXP_MATCHES(TRY_CAST(""employee_id"" AS TEXT), '^e[0-9]{6}$')","['demo_employee_payroll']","$.schema[0].properties[0].logicalTypeOptions.pattern","LogicalTypeOptionsCheckReference","string",true,25.911374992574565
"employee_id_required_check","demo_employee_payroll.employee_id","demo_employee_payroll","sql","sql","completeness","Column 'employee_id' must not contain NULL values","PASSED",,"mustBe","0","0",0,"count","","SELECT COUNT(*) FROM ""demo_employee_payroll"" WHERE ""employee_id"" IS NULL","['demo_employee_payroll']","$.schema[0].properties[0].required","RequiredCheckReference","string",true,4.887582996161655
"employee_id_unique_check","demo_employee_payroll.employee_id","demo_employee_payroll","sql","sql","consistency","Column 'employee_id' must contain unique values","PASSED",,"mustBe","0","0",0,"count","","SELECT COUNT(*) FROM (SELECT ""employee_id"" FROM ""demo_employee_payroll"" WHERE NOT ""employee_id"" IS NULL GROUP BY ""employee_id"" HAVING COUNT(*) > 1)","['demo_employee_payroll']","$.schema[0].properties[0].unique","UniqueCheckReference","string",true,6.150250002974644
"employee_id_primary_key_check","demo_employee_payroll.employee_id","demo_employee_payroll","sql","sql","consistency","Primary key column 'employee_id' must be unique and not null","PASSED",,"mustBe","0","0",0,"custom","","SELECT ((SELECT COUNT(*) FROM ""demo_employee_payroll"" WHERE ""employee_id"" IS NULL)) + ((SELECT COUNT(*) FROM (SELECT ""employee_id"" FROM ""demo_employee_payroll"" WHERE NOT ""employee_id"" IS NULL GROUP BY ""employee_id"" HAVING COUNT(*) > 1)))","['demo_employee_payroll']","$.schema[0].properties[0].primaryKey","PrimaryKeyCheckReference","string",true,4.7529170115012676
"payroll_id_column_exists_check","demo_employee_payroll.payroll_id","demo_employee_payroll","sql","sql","conformity","Column 'payroll_id' must exist in 'demo_employee_payroll'","PASSED",,"mustBe","0","0",0,"count","","SELECT COUNT(*) FROM (SELECT ""payroll_id"" FROM ""demo_employee_payroll"" LIMIT 0) AS _vowl_column_exists","['demo_employee_payroll']","$.schema[0].properties[1].name","DeclaredColumnExistsCheckReference","string",true,5.268749999231659
"payroll_id_logical_type_check","demo_employee_payroll.payroll_id","demo_employee_payroll","sql","sql","conformity","Values in 'payroll_id' must be valid string","PASSED",,"mustBe","0","0",0,"count","","SELECT COUNT(*) FROM ""demo_employee_payroll"" WHERE NOT ""payroll_id"" IS NULL AND TRY_CAST(""payroll_id"" AS TEXT) IS NULL","['demo_employee_payroll']","$.schema[0].properties[1].logicalType","LogicalTypeCheckReference","string",true,8.656124991830438
"payroll_id_logical_type_options_minLength_check","demo_employee_payroll.payroll_id","demo_employee_payroll","sql","sql","conformity","Column 'payroll_id' must have minimum length of 36","PASSED",,"mustBe","0","0",0,"count","","SELECT COUNT(*) FROM ""demo_employee_payroll"" WHERE NOT ""payroll_id"" IS NULL AND LENGTH(TRY_CAST(""payroll_id"" AS TEXT)) < 36","['demo_employee_payroll']","$.schema[0].properties[1].logicalTypeOptions.minLength","LogicalTypeOptionsCheckReference","string",true,25.974500007578172
"payroll_id_logical_type_options_maxLength_check","demo_employee_payroll.payroll_id","demo_employee_payroll","sql","sql","conformity","Column 'payroll_id' must have maximum length of 36","PASSED",,"mustBe","0","0",0,"count","","SELECT COUNT(*) FROM ""demo_employee_payroll"" WHERE NOT ""payroll_id"" IS NULL AND LENGTH(TRY_CAST(""payroll_id"" AS TEXT)) > 36","['demo_employee_payroll']","$.schema[0].properties[1].logicalTypeOptions.maxLength","LogicalTypeOptionsCheckReference","string",true,26.455957995494828
"payroll_id_logical_type_options_pattern_check","demo_employee_payroll.payroll_id","demo_employee_payroll","sql","sql","conformity","Column 'payroll_id' must match pattern '^[0-9a-f]{8}-[0-9a-f]{4}-[0-9a-f]{4}-[0-9a-f]{4}-[0-9a-f]{12}$'","PASSED",,"mustBe","0","0",0,"count","","SELECT COUNT(*) FROM ""demo_employee_payroll"" WHERE NOT ""payroll_id"" IS NULL AND NOT REGEXP_MATCHES(TRY_CAST(""payroll_id"" AS TEXT), '^[0-9a-f]{8}-[0-9a-f]{4}-[0-9a-f]{4}-[0-9a-f]{4}-[0-9a-f]{12}$')","['demo_employee_payroll']","$.schema[0].properties[1].logicalTypeOptions.pattern","LogicalTypeOptionsCheckReference","string",true,27.07958300015889
"payroll_id_required_check","demo_employee_payroll.payroll_id","demo_employee_payroll","sql","sql","completeness","Column 'payroll_id' must not contain NULL values","PASSED",,"mustBe","0","0",0,"count","","SELECT COUNT(*) FROM ""demo_employee_payroll"" WHERE ""payroll_id"" IS NULL","['demo_employee_payroll']","$.schema[0].properties[1].required","RequiredCheckReference","string",true,3.660000002128072
"payroll_id_unique_check","demo_employee_payroll.payroll_id","demo_employee_payroll","sql","sql","consistency","Column 'payroll_id' must contain unique values","PASSED",,"mustBe","0","0",0,"count","","SELECT COUNT(*) FROM (SELECT ""payroll_id"" FROM ""demo_employee_payroll"" WHERE NOT ""payroll_id"" IS NULL GROUP BY ""payroll_id"" HAVING COUNT(*) > 1)","['demo_employee_payroll']","$.schema[0].properties[1].unique","UniqueCheckReference","string",true,4.7986249992391095
"payroll_id_primary_key_check","demo_employee_payroll.payroll_id","demo_employee_payroll","sql","sql","consistency","Primary key column 'payroll_id' must be unique and not null","PASSED",,"mustBe","0","0",0,"custom","","SELECT ((SELECT COUNT(*) FROM ""demo_employee_payroll"" WHERE ""payroll_id"" IS NULL)) + ((SELECT COUNT(*) FROM (SELECT ""payroll_id"" FROM ""demo_employee_payroll"" WHERE NOT ""payroll_id"" IS NULL GROUP BY ""payroll_id"" HAVING COUNT(*) > 1)))","['demo_employee_payroll']","$.schema[0].properties[1].primaryKey","PrimaryKeyCheckReference","string",true,3.8564590067835525
"month_column_exists_check","demo_employee_payroll.month","demo_employee_payroll","sql","sql","conformity","Column 'month' must exist in 'demo_employee_payroll'","PASSED",,"mustBe","0","0",0,"count","","SELECT COUNT(*) FROM (SELECT ""month"" FROM ""demo_employee_payroll"" LIMIT 0) AS _vowl_column_exists","['demo_employee_payroll']","$.schema[0].properties[2].name","DeclaredColumnExistsCheckReference","string",true,3.840791992843151
"month_logical_type_check","demo_employee_payroll.month","demo_employee_payroll","sql","sql","conformity","Values in 'month' must be valid string","PASSED",,"mustBe","0","0",0,"count","","SELECT COUNT(*) FROM ""demo_employee_payroll"" WHERE NOT ""month"" IS NULL AND TRY_CAST(""month"" AS TEXT) IS NULL","['demo_employee_payroll']","$.schema[0].properties[2].logicalType","LogicalTypeCheckReference","string",true,5.968416997347958
"month_logical_type_options_pattern_check","demo_employee_payroll.month","demo_employee_payroll","sql","sql","conformity","Column 'month' must match pattern '^\d{4}-\d{2}$'","PASSED",,"mustBe","0","0",0,"count","","SELECT COUNT(*) FROM ""demo_employee_payroll"" WHERE NOT ""month"" IS NULL AND NOT REGEXP_MATCHES(TRY_CAST(""month"" AS TEXT), '^\d{4}-\d{2}$')","['demo_employee_payroll']","$.schema[0].properties[2].logicalTypeOptions.pattern","LogicalTypeOptionsCheckReference","string",true,22.629708008025773
"month_required_check","demo_employee_payroll.month","demo_employee_payroll","sql","sql","completeness","Column 'month' must not contain NULL values","PASSED",,"mustBe","0","0",0,"count","","SELECT COUNT(*) FROM ""demo_employee_payroll"" WHERE ""month"" IS NULL","['demo_employee_payroll']","$.schema[0].properties[2].required","RequiredCheckReference","string",true,3.7520839978242293
"payroll_start_dt_column_exists_check","demo_employee_payroll.payroll_start_dt","demo_employee_payroll","sql","sql","conformity","Column 'payroll_start_dt' must exist in 'demo_employee_payroll'","PASSED",,"mustBe","0","0",0,"count","","SELECT COUNT(*) FROM (SELECT ""payroll_start_dt"" FROM ""demo_employee_payroll"" LIMIT 0) AS _vowl_column_exists","['demo_employee_payroll']","$.schema[0].properties[3].name","DeclaredColumnExistsCheckReference","string",true,3.8286250055534765
"payroll_start_dt_logical_type_check","demo_employee_payroll.payroll_start_dt","demo_employee_payroll","sql","sql","conformity","Values in 'payroll_start_dt' must be valid string","PASSED",,"mustBe","0","0",0,"count","","SELECT COUNT(*) FROM ""demo_employee_payroll"" WHERE NOT ""payroll_start_dt"" IS NULL AND TRY_CAST(""payroll_start_dt"" AS TEXT) IS NULL","['demo_employee_payroll']","$.schema[0].properties[3].logicalType","LogicalTypeCheckReference","string",true,6.33899999957066
"payroll_end_dt_column_exists_check","demo_employee_payroll.payroll_end_dt","demo_employee_payroll","sql","sql","conformity","Column 'payroll_end_dt' must exist in 'demo_employee_payroll'","PASSED",,"mustBe","0","0",0,"count","","SELECT COUNT(*) FROM (SELECT ""payroll_end_dt"" FROM ""demo_employee_payroll"" LIMIT 0) AS _vowl_column_exists","['demo_employee_payroll']","$.schema[0].properties[4].name","DeclaredColumnExistsCheckReference","date",true,3.86550000985153
"payroll_end_dt_logical_type_check","demo_employee_payroll.payroll_end_dt","demo_employee_payroll","sql","sql","conformity","Values in 'payroll_end_dt' must be valid date","PASSED",,"mustBe","0","0",0,"count","","SELECT COUNT(*) FROM ""demo_employee_payroll"" WHERE NOT ""payroll_end_dt"" IS NULL AND TRY_CAST(""payroll_end_dt"" AS DATE) IS NULL","['demo_employee_payroll']","$.schema[0].properties[4].logicalType","LogicalTypeCheckReference","date",true,6.085790999350138
"total_amt_column_exists_check","demo_employee_payroll.total_amt","demo_employee_payroll","sql","sql","conformity","Column 'total_amt' must exist in 'demo_employee_payroll'","PASSED",,"mustBe","0","0",0,"count","","SELECT COUNT(*) FROM (SELECT ""total_amt"" FROM ""demo_employee_payroll"" LIMIT 0) AS _vowl_column_exists","['demo_employee_payroll']","$.schema[0].properties[5].name","DeclaredColumnExistsCheckReference","integer",true,3.892708002240397
"total_amt_logical_type_check","demo_employee_payroll.total_amt","demo_employee_payroll","sql","sql","conformity","Values in 'total_amt' must be valid integer","PASSED",,"mustBe","0","0",0,"count","","SELECT COUNT(*) FROM ""demo_employee_payroll"" WHERE NOT ""total_amt"" IS NULL AND (TRY_CAST(""total_amt"" AS DOUBLE) IS NULL OR TRY_CAST(""total_amt"" AS DOUBLE) <> TRY_CAST(""total_amt"" AS BIGINT))","['demo_employee_payroll']","$.schema[0].properties[5].logicalType","LogicalTypeCheckReference","integer",true,6.384457999956794
"employer_cpf_amt_column_exists_check","demo_employee_payroll.employer_cpf_amt","demo_employee_payroll","sql","sql","conformity","Column 'employer_cpf_amt' must exist in 'demo_employee_payroll'","PASSED",,"mustBe","0","0",0,"count","","SELECT COUNT(*) FROM (SELECT ""employer_cpf_amt"" FROM ""demo_employee_payroll"" LIMIT 0) AS _vowl_column_exists","['demo_employee_payroll']","$.schema[0].properties[6].name","DeclaredColumnExistsCheckReference","number",true,3.851583009236492
"employer_cpf_amt_logical_type_check","demo_employee_payroll.employer_cpf_amt","demo_employee_payroll","sql","sql","conformity","Values in 'employer_cpf_amt' must be valid number","PASSED",,"mustBe","0","0",0,"count","","SELECT COUNT(*) FROM ""demo_employee_payroll"" WHERE NOT ""employer_cpf_amt"" IS NULL AND TRY_CAST(""employer_cpf_amt"" AS DOUBLE) IS NULL","['demo_employee_payroll']","$.schema[0].properties[6].logicalType","LogicalTypeCheckReference","number",true,6.033625002601184
"total_amt_employee_column_exists_check","demo_employee_payroll.total_amt_employee","demo_employee_payroll","sql","sql","conformity","Column 'total_amt_employee' must exist in 'demo_employee_payroll'","PASSED",,"mustBe","0","0",0,"count","","SELECT COUNT(*) FROM (SELECT ""total_amt_employee"" FROM ""demo_employee_payroll"" LIMIT 0) AS _vowl_column_exists","['demo_employee_payroll']","$.schema[0].properties[7].name","DeclaredColumnExistsCheckReference","number",true,3.962083996157162
"total_amt_employee_logical_type_check","demo_employee_payroll.total_amt_employee","demo_employee_payroll","sql","sql","conformity","Values in 'total_amt_employee' must be valid number","PASSED",,"mustBe","0","0",0,"count","","SELECT COUNT(*) FROM ""demo_employee_payroll"" WHERE NOT ""total_amt_employee"" IS NULL AND TRY_CAST(""total_amt_employee"" AS DOUBLE) IS NULL","['demo_employee_payroll']","$.schema[0].properties[7].logicalType","LogicalTypeCheckReference","number",true,8.53104199632071
"total_amt_employee_required_check","demo_employee_payroll.total_amt_employee","demo_employee_payroll","sql","sql","completeness","Column 'total_amt_employee' must not contain NULL values","PASSED",,"mustBe","0","0",0,"count","","SELECT COUNT(*) FROM ""demo_employee_payroll"" WHERE ""total_amt_employee"" IS NULL","['demo_employee_payroll']","$.schema[0].properties[7].required","RequiredCheckReference","number",true,4.792166990227997
"employee_cpf_amt_column_exists_check","demo_employee_payroll.employee_cpf_amt","demo_employee_payroll","sql","sql","conformity","Column 'employee_cpf_amt' must exist in 'demo_employee_payroll'","PASSED",,"mustBe","0","0",0,"count","","SELECT COUNT(*) FROM (SELECT ""employee_cpf_amt"" FROM ""demo_employee_payroll"" LIMIT 0) AS _vowl_column_exists","['demo_employee_payroll']","$.schema[0].properties[8].name","DeclaredColumnExistsCheckReference","number",true,4.693666996899992
"employee_cpf_amt_logical_type_check","demo_employee_payroll.employee_cpf_amt","demo_employee_payroll","sql","sql","conformity","Values in 'employee_cpf_amt' must be valid number","PASSED",,"mustBe","0","0",0,"count","","SELECT COUNT(*) FROM ""demo_employee_payroll"" WHERE NOT ""employee_cpf_amt"" IS NULL AND TRY_CAST(""employee_cpf_amt"" AS DOUBLE) IS NULL","['demo_employee_payroll']","$.schema[0].properties[8].logicalType","LogicalTypeCheckReference","number",true,8.351458993274719
"employee_cpf_amt_required_check","demo_employee_payroll.employee_cpf_amt","demo_employee_payroll","sql","sql","completeness","Column 'employee_cpf_amt' must not contain NULL values","PASSED",,"mustBe","0","0",0,"count","","SELECT COUNT(*) FROM ""demo_employee_payroll"" WHERE ""employee_cpf_amt"" IS NULL","['demo_employee_payroll']","$.schema[0].properties[8].required","RequiredCheckReference","number",true,5.129041004693136
"employee_gross_amt_column_exists_check","demo_employee_payroll.employee_gross_amt","demo_employee_payroll","sql","sql","conformity","Column 'employee_gross_amt' must exist in 'demo_employee_payroll'","PASSED",,"mustBe","0","0",0,"count","","SELECT COUNT(*) FROM (SELECT ""employee_gross_amt"" FROM ""demo_employee_payroll"" LIMIT 0) AS _vowl_column_exists","['demo_employee_payroll']","$.schema[0].properties[9].name","DeclaredColumnExistsCheckReference","number",true,4.835166997509077
"employee_gross_amt_logical_type_check","demo_employee_payroll.employee_gross_amt","demo_employee_payroll","sql","sql","conformity","Values in 'employee_gross_amt' must be valid number","PASSED",,"mustBe","0","0",0,"count","","SELECT COUNT(*) FROM ""demo_employee_payroll"" WHERE NOT ""employee_gross_amt"" IS NULL AND TRY_CAST(""employee_gross_amt"" AS DOUBLE) IS NULL","['demo_employee_payroll']","$.schema[0].properties[9].logicalType","LogicalTypeCheckReference","number",true,8.354249992407858
"employee_gross_amt_required_check","demo_employee_payroll.employee_gross_amt","demo_employee_payroll","sql","sql","completeness","Column 'employee_gross_amt' must not contain NULL values","PASSED",,"mustBe","0","0",0,"count","","SELECT COUNT(*) FROM ""demo_employee_payroll"" WHERE ""employee_gross_amt"" IS NULL","['demo_employee_payroll']","$.schema[0].properties[9].required","RequiredCheckReference","number",true,5.251167007372715
"phone_number_column_exists_check","demo_employee_payroll.phone_number","demo_employee_payroll","sql","sql","conformity","Column 'phone_number' must exist in 'demo_employee_payroll'","PASSED",,"mustBe","0","0",0,"count","","SELECT COUNT(*) FROM (SELECT ""phone_number"" FROM ""demo_employee_payroll"" LIMIT 0) AS _vowl_column_exists","['demo_employee_payroll']","$.schema[0].properties[10].name","DeclaredColumnExistsCheckReference","string",true,5.464540998218581
"phone_number_logical_type_check","demo_employee_payroll.phone_number","demo_employee_payroll","sql","sql","conformity","Values in 'phone_number' must be valid string","PASSED",,"mustBe","0","0",0,"count","","SELECT COUNT(*) FROM ""demo_employee_payroll"" WHERE NOT ""phone_number"" IS NULL AND TRY_CAST(""phone_number"" AS TEXT) IS NULL","['demo_employee_payroll']","$.schema[0].properties[10].logicalType","LogicalTypeCheckReference","string",true,8.416625001700595
"phone_number_logical_type_options_minLength_check","demo_employee_payroll.phone_number","demo_employee_payroll","sql","sql","conformity","Column 'phone_number' must have minimum length of 8","PASSED",,"mustBe","0","0",0,"count","","SELECT COUNT(*) FROM ""demo_employee_payroll"" WHERE NOT ""phone_number"" IS NULL AND LENGTH(TRY_CAST(""phone_number"" AS TEXT)) < 8","['demo_employee_payroll']","$.schema[0].properties[10].logicalTypeOptions.minLength","LogicalTypeOptionsCheckReference","string",true,26.706375007051975
"phone_number_logical_type_options_maxLength_check","demo_employee_payroll.phone_number","demo_employee_payroll","sql","sql","conformity","Column 'phone_number' must have maximum length of 11","PASSED",,"mustBe","0","0",0,"count","","SELECT COUNT(*) FROM ""demo_employee_payroll"" WHERE NOT ""phone_number"" IS NULL AND LENGTH(TRY_CAST(""phone_number"" AS TEXT)) > 11","['demo_employee_payroll']","$.schema[0].properties[10].logicalTypeOptions.maxLength","LogicalTypeOptionsCheckReference","string",true,28.07062500505708
"phone_number_logical_type_options_pattern_check","demo_employee_payroll.phone_number","demo_employee_payroll","sql","sql","conformity","Column 'phone_number' must match pattern '^\+65[0-9]{8}$'","FAILED",,"mustBe","3","0",3,"count","","SELECT COUNT(*) FROM ""demo_employee_payroll"" WHERE NOT ""phone_number"" IS NULL AND NOT REGEXP_MATCHES(TRY_CAST(""phone_number"" AS TEXT), '^\+65[0-9]{8}$')","['demo_employee_payroll']","$.schema[0].properties[10].logicalTypeOptions.pattern","LogicalTypeOptionsCheckReference","string",true,26.96604198717978
"total_amt_employee_equals_gross_plus_cpf","demo_employee_payroll","demo_employee_payroll","sql","sql","consistency","Validates that total_amt_employee equals the sum of employee_gross_amt and employee_cpf_amt for consistency","PASSED","error","mustBe","0","0",0,"count","","SELECT COUNT(*) FROM demo_employee_payroll WHERE total_amt_employee <> (employee_gross_amt + employee_cpf_amt)","['demo_employee_payroll']","$.schema[0].quality[0]","SQLTableCheckReference",,false,15.32966599916108
"demo_employee_payroll_rowCount","demo_employee_payroll","demo_employee_payroll","sql","library","completeness","Total row count for 'demo_employee_payroll'","PASSED",,"mustBeGreaterThan","3","0",0,"count","","SELECT COUNT(*) FROM ""demo_employee_payroll""","['demo_employee_payroll']","$.schema[0].quality[3]","RowCountCheckReference",,true,8.502333992510103
"employee_id_nullValues","demo_employee_payroll.employee_id","demo_employee_payroll","sql","library","completeness","Count of NULL values in 'employee_id' of 'demo_employee_payroll'","PASSED",,"mustBe","0","0",0,"count","","SELECT COUNT(*) FROM ""demo_employee_payroll"" WHERE ""employee_id"" IS NULL","['demo_employee_payroll']","$.schema[0].properties[0].quality[0]","NullValuesCheckReference","string",true,14.306791999842972
"Month","demo_employee_payroll.month","demo_employee_payroll","sql","sql","conformity","Based on ISO 8601, assumed to be in UTC +8 | YYYY-MM","PASSED",,"mustBe","0","0",0,"count","","SELECT COUNT(*) FROM demo_employee_payroll WHERE NOT REGEXP_MATCHES(TRY_CAST(month AS TEXT), '^[0-9]{4}-(0[1-9]|1[0-2])$')","['demo_employee_payroll']","$.schema[0].properties[2].quality[0]","SQLColumnCheckReference","string",false,18.946875003166497
"month_invalidValues","demo_employee_payroll.month","demo_employee_payroll","sql","library","conformity","Count of invalid values in 'month' of 'demo_employee_payroll'","PASSED",,"mustBe","0","0",0,"count","","SELECT COUNT(*) FROM ""demo_employee_payroll"" WHERE NOT ""month"" IS NULL AND NOT REGEXP_MATCHES(TRY_CAST(""month"" AS TEXT), '^\d{4}-(0[1-9]|1[0-2])$')","['demo_employee_payroll']","$.schema[0].properties[2].quality[1]","InvalidValuesCheckReference","string",true,20.44995799951721
"Date With Timezone","demo_employee_payroll.payroll_start_dt","demo_employee_payroll","sql","sql","conformity","If not in UTC +8 | YYYY-MM-DD[T]hh:mm+hh:mm e.g. 2015-01-01T12:00+02:00 for UTC +2","FAILED",,"mustBe","3","0",3,"count","","SELECT COUNT(*) FROM demo_employee_payroll WHERE NOT REGEXP_MATCHES(TRY_CAST(payroll_start_dt AS TEXT), '^[0-9]{4}-(0[1-9]|1[0-2])-(0[1-9]|[12][0-9]|3[01])T([01][0-9]|2[0-3]):[0-5][0-9][+-]([01][0-9]|2[0-3]):[0-5][0-9]$') OR LENGTH(TRY_CAST(payroll_start_dt AS TEXT)) > 22","['demo_employee_payroll']","$.schema[0].properties[3].quality[0]","SQLColumnCheckReference","string",false,18.988791009178385
"Date With Timezone","demo_employee_payroll.payroll_end_dt","demo_employee_payroll","sql","sql","conformity","If not in UTC +8 | YYYY-MM-DD[T]hh:mm+hh:mm e.g. 2015-01-01T12:00+02:00 for UTC +2","FAILED",,"mustBe","3","0",3,"count","","SELECT COUNT(*) FROM demo_employee_payroll WHERE NOT REGEXP_MATCHES(TRY_CAST(payroll_end_dt AS TEXT), '^[0-9]{4}-(0[1-9]|1[0-2])-(0[1-9]|[12][0-9]|3[01])T([01][0-9]|2[0-3]):[0-5][0-9][+-]([01][0-9]|2[0-3]):[0-5][0-9]$') OR LENGTH(TRY_CAST(payroll_end_dt AS TEXT)) > 22","['demo_employee_payroll']","$.schema[0].properties[4].quality[0]","SQLColumnCheckReference","date",false,19.2103750014212
"total_amt_equals_employer_cpf_plus_total_amt_employee","demo_employee_payroll.total_amt","demo_employee_payroll","sql","sql","consistency","Validates that total_amt equals the sum of employer_cpf_amt and total_amt_employee for consistency","PASSED","error","mustBe","0","0",0,"count","","SELECT COUNT(*) FROM demo_employee_payroll WHERE total_amt <> (employer_cpf_amt + total_amt_employee) OR (NOT total_amt IS NULL AND (employer_cpf_amt IS NULL OR total_amt_employee IS NULL))","['demo_employee_payroll']","$.schema[0].properties[5].quality[0]","SQLColumnCheckReference","integer",false,15.468874989892356
"total_amt_missingValues","demo_employee_payroll.total_amt","demo_employee_payroll","sql","library","completeness","Count of missing values in 'total_amt' of 'demo_employee_payroll'","PASSED",,"mustBe","0","0",0,"count","","SELECT COUNT(*) FROM ""demo_employee_payroll"" WHERE ""total_amt"" IS NULL OR TRY_CAST(""total_amt"" AS TEXT) IN ('')","['demo_employee_payroll']","$.schema[0].properties[5].quality[1]","MissingValuesCheckReference","integer",true,20.648958001402207
"employee_id_column_exists_check","demo_employee_list.employee_id","demo_employee_list","sql","sql","conformity","Column 'employee_id' must exist in 'demo_employee_list'","PASSED",,"mustBe","0","0",0,"count","","SELECT COUNT(*) FROM (SELECT ""employee_id"" FROM ""demo_employee_list"" LIMIT 0) AS _vowl_column_exists","['demo_employee_list']","$.schema[1].properties[0].name","DeclaredColumnExistsCheckReference","string",true,5.592708999756724
"employee_id_logical_type_check","demo_employee_list.employee_id","demo_employee_list","sql","sql","conformity","Values in 'employee_id' must be valid string","PASSED",,"mustBe","0","0",0,"count","","SELECT COUNT(*) FROM ""demo_employee_list"" WHERE NOT ""employee_id"" IS NULL AND TRY_CAST(""employee_id"" AS TEXT) IS NULL","['demo_employee_list']","$.schema[1].properties[0].logicalType","LogicalTypeCheckReference","string",true,8.690582995768636
"employee_id_logical_type_options_pattern_check","demo_employee_list.employee_id","demo_employee_list","sql","sql","conformity","Column 'employee_id' must match pattern '^e[0-9]+$'","PASSED",,"mustBe","0","0",0,"count","","SELECT COUNT(*) FROM ""demo_employee_list"" WHERE NOT ""employee_id"" IS NULL AND NOT REGEXP_MATCHES(TRY_CAST(""employee_id"" AS TEXT), '^e[0-9]+$')","['demo_employee_list']","$.schema[1].properties[0].logicalTypeOptions.pattern","LogicalTypeOptionsCheckReference","string",true,26.90116698795464
"employee_id_logical_type_options_minLength_check","demo_employee_list.employee_id","demo_employee_list","sql","sql","conformity","Column 'employee_id' must have minimum length of 7","PASSED",,"mustBe","0","0",0,"count","","SELECT COUNT(*) FROM ""demo_employee_list"" WHERE NOT ""employee_id"" IS NULL AND LENGTH(TRY_CAST(""employee_id"" AS TEXT)) < 7","['demo_employee_list']","$.schema[1].properties[0].logicalTypeOptions.minLength","LogicalTypeOptionsCheckReference","string",true,26.58291600528173
"employee_id_logical_type_options_maxLength_check","demo_employee_list.employee_id","demo_employee_list","sql","sql","conformity","Column 'employee_id' must have maximum length of 7","PASSED",,"mustBe","0","0",0,"count","","SELECT COUNT(*) FROM ""demo_employee_list"" WHERE NOT ""employee_id"" IS NULL AND LENGTH(TRY_CAST(""employee_id"" AS TEXT)) > 7","['demo_employee_list']","$.schema[1].properties[0].logicalTypeOptions.maxLength","LogicalTypeOptionsCheckReference","string",true,26.62525000050664
"employee_id_required_check","demo_employee_list.employee_id","demo_employee_list","sql","sql","completeness","Column 'employee_id' must not contain NULL values","PASSED",,"mustBe","0","0",0,"count","","SELECT COUNT(*) FROM ""demo_employee_list"" WHERE ""employee_id"" IS NULL","['demo_employee_list']","$.schema[1].properties[0].required","RequiredCheckReference","string",true,5.26591700327117
"employee_id_unique_check","demo_employee_list.employee_id","demo_employee_list","sql","sql","consistency","Column 'employee_id' must contain unique values","PASSED",,"mustBe","0","0",0,"count","","SELECT COUNT(*) FROM (SELECT ""employee_id"" FROM ""demo_employee_list"" WHERE NOT ""employee_id"" IS NULL GROUP BY ""employee_id"" HAVING COUNT(*) > 1)","['demo_employee_list']","$.schema[1].properties[0].unique","UniqueCheckReference","string",true,5.741708999266848
"employee_id_primary_key_check","demo_employee_list.employee_id","demo_employee_list","sql","sql","consistency","Primary key column 'employee_id' must be unique and not null","PASSED",,"mustBe","0","0",0,"custom","","SELECT ((SELECT COUNT(*) FROM ""demo_employee_list"" WHERE ""employee_id"" IS NULL)) + ((SELECT COUNT(*) FROM (SELECT ""employee_id"" FROM ""demo_employee_list"" WHERE NOT ""employee_id"" IS NULL GROUP BY ""employee_id"" HAVING COUNT(*) > 1)))","['demo_employee_list']","$.schema[1].properties[0].primaryKey","PrimaryKeyCheckReference","string",true,4.382041995995678
"employee_last_name_column_exists_check","demo_employee_list.employee_last_name","demo_employee_list","sql","sql","conformity","Column 'employee_last_name' must exist in 'demo_employee_list'","PASSED",,"mustBe","0","0",0,"count","","SELECT COUNT(*) FROM (SELECT ""employee_last_name"" FROM ""demo_employee_list"" LIMIT 0) AS _vowl_column_exists","['demo_employee_list']","$.schema[1].properties[1].name","DeclaredColumnExistsCheckReference","string",true,5.12854200496804
"employee_last_name_logical_type_check","demo_employee_list.employee_last_name","demo_employee_list","sql","sql","conformity","Values in 'employee_last_name' must be valid string","PASSED",,"mustBe","0","0",0,"count","","SELECT COUNT(*) FROM ""demo_employee_list"" WHERE NOT ""employee_last_name"" IS NULL AND TRY_CAST(""employee_last_name"" AS TEXT) IS NULL","['demo_employee_list']","$.schema[1].properties[1].logicalType","LogicalTypeCheckReference","string",true,8.649750001495704
"employee_last_name_required_check","demo_employee_list.employee_last_name","demo_employee_list","sql","sql","completeness","Column 'employee_last_name' must not contain NULL values","PASSED",,"mustBe","0","0",0,"count","","SELECT COUNT(*) FROM ""demo_employee_list"" WHERE ""employee_last_name"" IS NULL","['demo_employee_list']","$.schema[1].properties[1].required","RequiredCheckReference","string",true,5.033916997490451
"employee_first_name_column_exists_check","demo_employee_list.employee_first_name","demo_employee_list","sql","sql","conformity","Column 'employee_first_name' must exist in 'demo_employee_list'","PASSED",,"mustBe","0","0",0,"count","","SELECT COUNT(*) FROM (SELECT ""employee_first_name"" FROM ""demo_employee_list"" LIMIT 0) AS _vowl_column_exists","['demo_employee_list']","$.schema[1].properties[2].name","DeclaredColumnExistsCheckReference","string",true,5.258457997115329
"employee_first_name_logical_type_check","demo_employee_list.employee_first_name","demo_employee_list","sql","sql","conformity","Values in 'employee_first_name' must be valid string","PASSED",,"mustBe","0","0",0,"count","","SELECT COUNT(*) FROM ""demo_employee_list"" WHERE NOT ""employee_first_name"" IS NULL AND TRY_CAST(""employee_first_name"" AS TEXT) IS NULL","['demo_employee_list']","$.schema[1].properties[2].logicalType","LogicalTypeCheckReference","string",true,8.31662499695085
"employee_first_name_required_check","demo_employee_list.employee_first_name","demo_employee_list","sql","sql","completeness","Column 'employee_first_name' must not contain NULL values","PASSED",,"mustBe","0","0",0,"count","","SELECT COUNT(*) FROM ""demo_employee_list"" WHERE ""employee_first_name"" IS NULL","['demo_employee_list']","$.schema[1].properties[2].required","RequiredCheckReference","string",true,5.129791999934241
"current_title_column_exists_check","demo_employee_list.current_title","demo_employee_list","sql","sql","conformity","Column 'current_title' must exist in 'demo_employee_list'","PASSED",,"mustBe","0","0",0,"count","","SELECT COUNT(*) FROM (SELECT ""current_title"" FROM ""demo_employee_list"" LIMIT 0) AS _vowl_column_exists","['demo_employee_list']","$.schema[1].properties[3].name","DeclaredColumnExistsCheckReference","string",true,5.480583000462502
"current_title_logical_type_check","demo_employee_list.current_title","demo_employee_list","sql","sql","conformity","Values in 'current_title' must be valid string","PASSED",,"mustBe","0","0",0,"count","","SELECT COUNT(*) FROM ""demo_employee_list"" WHERE NOT ""current_title"" IS NULL AND TRY_CAST(""current_title"" AS TEXT) IS NULL","['demo_employee_list']","$.schema[1].properties[3].logicalType","LogicalTypeCheckReference","string",true,8.453125003143214
"phone_number_column_exists_check","demo_employee_list.phone_number","demo_employee_list","sql","sql","conformity","Column 'phone_number' must exist in 'demo_employee_list'","PASSED",,"mustBe","0","0",0,"count","","SELECT COUNT(*) FROM (SELECT ""phone_number"" FROM ""demo_employee_list"" LIMIT 0) AS _vowl_column_exists","['demo_employee_list']","$.schema[1].properties[4].name","DeclaredColumnExistsCheckReference","string",true,3.8425420061685145
"phone_number_logical_type_check","demo_employee_list.phone_number","demo_employee_list","sql","sql","conformity","Values in 'phone_number' must be valid string","PASSED",,"mustBe","0","0",0,"count","","SELECT COUNT(*) FROM ""demo_employee_list"" WHERE NOT ""phone_number"" IS NULL AND TRY_CAST(""phone_number"" AS TEXT) IS NULL","['demo_employee_list']","$.schema[1].properties[4].logicalType","LogicalTypeCheckReference","string",true,6.230749990209006
"phone_number_logical_type_options_pattern_check","demo_employee_list.phone_number","demo_employee_list","sql","sql","conformity","Column 'phone_number' must match pattern '^\+[0-9]+$'","FAILED",,"mustBe","2","0",2,"count","","SELECT COUNT(*) FROM ""demo_employee_list"" WHERE NOT ""phone_number"" IS NULL AND NOT REGEXP_MATCHES(TRY_CAST(""phone_number"" AS TEXT), '^\+[0-9]+$')","['demo_employee_list']","$.schema[1].properties[4].logicalTypeOptions.pattern","LogicalTypeOptionsCheckReference","string",true,23.709959001280367
"phone_number_unique_check","demo_employee_list.phone_number","demo_employee_list","sql","sql","consistency","Column 'phone_number' must contain unique values","PASSED",,"mustBe","0","0",0,"count","","SELECT COUNT(*) FROM (SELECT ""phone_number"" FROM ""demo_employee_list"" WHERE NOT ""phone_number"" IS NULL GROUP BY ""phone_number"" HAVING COUNT(*) > 1)","['demo_employee_list']","$.schema[1].properties[4].unique","UniqueCheckReference","string",true,4.479166003875434
"PersonName","demo_employee_list.employee_last_name","demo_employee_list","sql","sql","conformity","PersonName may include various name types for UIN/FIN holders including legal names, abbreviated names, Hanyu Pinyin names, alias names, married names, and changed names | X(66)","PASSED",,"mustBe","0","0",0,"count","","SELECT COUNT(*) FROM demo_employee_list WHERE NOT employee_last_name IS NULL AND LENGTH(TRY_CAST(employee_last_name AS TEXT)) > 66","['demo_employee_list']","$.schema[1].properties[1].quality[0]","SQLColumnCheckReference","string",false,15.069208006025292
"PersonName","demo_employee_list.employee_first_name","demo_employee_list","sql","sql","conformity","PersonName may include various name types for UIN/FIN holders including legal names, abbreviated names, Hanyu Pinyin names, alias names, married names, and changed names | X(66)","PASSED",,"mustBe","0","0",0,"count","","SELECT COUNT(*) FROM demo_employee_list WHERE NOT employee_first_name IS NULL AND LENGTH(TRY_CAST(employee_first_name AS TEXT)) > 66","['demo_employee_list']","$.schema[1].properties[2].quality[0]","SQLColumnCheckReference","string",false,14.57808300619945
"TelephoneNumber","demo_employee_list.phone_number","demo_employee_list","sql","sql","conformity","Based on ITU T E.164 | e.g. 095236","PASSED",,"mustBe","0","0",0,"count","","SELECT COUNT(*) FROM demo_employee_list WHERE NOT REGEXP_MATCHES(TRY_CAST(phone_number AS TEXT), '^[0-9]{1,12}$')","['demo_employee_list']","$.schema[1].properties[4].quality[0]","SQLColumnCheckReference","string",false,14.846791993477382
"employee_id_exists_in_master_list","demo_employee_payroll","demo_employee_payroll","sql","sql","consistency","Referential integrity check: Ensures all employee IDs in the payroll  table exist in the reference employee list.","FAILED",,"mustBe","1","0",1,"count","","SELECT COUNT(*) FROM demo_employee_payroll AS payroll LEFT JOIN demo_employee_list AS ref ON payroll.employee_id = ref.employee_id WHERE ref.employee_id IS NULL","['demo_employee_list', 'demo_employee_payroll']","$.schema[0].quality[1]","SQLTableCheckReference",,false,87.43612500256859
"phone_number_exists_in_master_list","demo_employee_payroll","demo_employee_payroll","sql","sql","consistency","Ensures the phone numbers recorded in payroll matches an entry in  the master employee list.","FAILED",,"mustBe","2","0",2,"count","","SELECT COUNT(*) FROM demo_employee_payroll AS payroll LEFT JOIN demo_employee_list AS ref ON payroll.phone_number = ref.phone_number WHERE NOT payroll.phone_number IS NULL AND ref.phone_number IS NULL","['demo_employee_list', 'demo_employee_payroll']","$.schema[0].quality[2]","SQLTableCheckReference",,false,16.664374998072162
